name,publisher,authors,author_1,author_2,author_3,author_4,author_5,author_6,author_7,author_8,author_9,author_10,author_11,author_12,author_13,author_14
情報量統計学 (情報科学講座 A・5・4) (情報科学講座 (A・5・4)),共立出版,坂元慶行，石黒真木夫，北川源四郎,坂元慶行,石黒真木夫,北川源四郎,,,,,,,,,,,
多変量解析法入門,サイエンス社,永田靖，棟近雅彦,永田靖,棟近雅彦,,,,,,,,,,,,
多変量解析入門――線形から非線形へ ,岩波書店,小西貞則,小西貞則,,,,,,,,,,,,,
カーネル多変量解析―非線形データ解析の新しい展開 ,岩波書店,赤穂昭太郎,赤穂昭太郎,,,,,,,,,,,,,
初等多変量解析,朝倉書店,武藤眞介,武藤眞介,,,,,,,,,,,,,
多変量データ解析講義,朝倉書店,水野欽司,水野欽司,,,,,,,,,,,,,
多変量のデータ解析,朝倉書店,圓川隆夫,圓川隆夫,,,,,,,,,,,,,
多変量推測統計の基礎,共立出版,竹村彰通,竹村彰通,,,,,,,,,,,,,
多変量解析入門,篠原出版新社,足立堅一,足立堅一,,,,,,,,,,,,,
主成分分析,朝倉書店,上田尚一,上田尚一,,,,,,,,,,,,,
多次元データ解析法,共立出版,中村永友,中村永友,,,,,,,,,,,,,
一般化線形モデル,共立出版,粕谷英一,粕谷英一,,,,,,,,,,,,,
クラスター分析入門,森北出版,宮本定明,宮本定明,,,,,,,,,,,,,
統計的因果推論-回帰分析の新しい枠組み-,朝倉書店,宮川雅巳,宮川雅巳,,,,,,,,,,,,,
入門 統計的因果推論,朝倉書店,J. Pearl，落海浩,J. Pearl,落海浩,,,,,,,,,,,,
統計的因果推論―モデル・推論・推測―,共立出版,Judea Pearl，黒木学,Judea Pearl,黒木学,,,,,,,,,,,,
カーネル法入門 ─正定値カーネルによるデータ解析─,朝倉書店,福水健次,福水健次,,,,,,,,,,,,,
統計的因果推論の理論と実装,共立出版,高橋将宜，石田基広，市川太祐，高橋康介，高柳慎一，福島真太朗，松浦健太郎,高橋将宜,石田基広,市川太祐,高橋康介,高柳慎一,福島真太朗,松浦健太郎,,,,,,,
機械学習のためのカーネル100問 with Python,共立出版,鈴木譲,鈴木譲,,,,,,,,,,,,,
因果推論入門〜ミックステープ：基礎から現代的アプローチまで,技術評論者,Scott Cunningham，加藤真大，河中祥吾，白木紀行，冨田燿志，早川裕太，兵頭亮介，藤田光明，邊土名朝飛，森脇大輔，安井翔太,Scott Cunningham,加藤真大,河中祥吾,白木紀行,冨田燿志,早川裕太,兵頭亮介,藤田光明,邊土名朝飛,森脇大輔,安井翔太,,,
インベンス・ルービン 統計的因果推論 （上）,朝倉書店,G.W.インベンス，D.B.ルービン，星野崇宏，繁桝算男,G.W.インベンス,D.B.ルービン,星野崇宏,繁桝算男,,,,,,,,,,
確率モデルの基礎―金融工学を視野に入れた確率論的考え方 ,東京電機大学出版局,遠藤靖,遠藤靖,,,,,,,,,,,,,
はじめての確率論 測度から確率へ,共立出版,佐藤坦,佐藤坦,,,,,,,,,,,,,
確率論 (実教理工学全書),実教出版,西尾真喜子,西尾真喜子,,,,,,,,,,,,,
確率論の基礎,岩波書店,伊藤清,伊藤清,,,,,,,,,,,,,
自然科学の統計学,東京大学出版会,東京大学教養学部統計学教室,東京大学教養学部統計学教室,,,,,,,,,,,,,
確率論とその応用I上,紀伊國屋書店,W・フェラー,W・フェラー,,,,,,,,,,,,,
確率論とその応用I下,紀伊國屋書店,W・フェラー,W・フェラー,,,,,,,,,,,,,
確率論とその応用II上,紀伊國屋書店,W・フェラー,W・フェラー,,,,,,,,,,,,,
確率論とその応用II下,紀伊國屋書店,W・フェラー,W・フェラー,,,,,,,,,,,,,
確率統計学,オーム社,須子統太，鈴木誠，浮田善文，小林学，後藤正幸,須子統太,鈴木誠,浮田善文,小林学,後藤正幸,,,,,,,,,
統計学入門,東京大学出版会,東京大学教養学部統計学教室,東京大学教養学部統計学教室,,,,,,,,,,,,,
Probability and Measure,WILEY INTERSCIENCE,Patrick Billingsley,Patrick Billingsley,,,,,,,,,,,,,
入門統計解析法,日科技連,永田靖,永田靖,,,,,,,,,,,,,
統計解析入門,サイエンス社,篠崎信雄，竹内秀一,篠崎信雄,竹内秀一,,,,,,,,,,,,
数理統計学ハンドブック,朝倉書店,豊田秀樹,豊田秀樹,,,,,,,,,,,,,
現代数理統計学,創文社,竹村彰通,竹村彰通,,,,,,,,,,,,,
質的データの解析 調査情報のよみ方,朝倉書店,上田尚一,上田尚一,,,,,,,,,,,,,
数理統計学‐基礎から学ぶデータ解析‐,内田老鶴圃,鈴木武，山田作太郎,鈴木武,山田作太郎,,,,,,,,,,,,
統計的方法のしくみ　正しく理解するための30の急所,日科技連,永田靖,永田靖,,,,,,,,,,,,,
統計学入門,東京書籍,蓑谷千凰彦,蓑谷千凰彦,,,,,,,,,,,,,
データ解析のための統計モデリング入門,岩波書店,久保拓弥,久保拓弥,,,,,,,,,,,,,
確率論,岩波書店,伊藤清,伊藤清,,,,,,,,,,,,,
不完全データの統計解析,エコノミスト社,岩崎学,岩崎学,,,,,,,,,,,,,
Statistical Analysis with Missing Data,WILEY INTERSCIENCE,R. Little，D. Rubin,R. Little,D. Rubin,,,,,,,,,,,,
Directional Statistics,WILEY INTERSCIENCE,K. Mardia，P. Jupp,K. Mardia,P. Jupp,,,,,,,,,,,,
Flexible Imputation of Missing Data,CRC Press,S. Buuren,S. Buuren,,,,,,,,,,,,,
Rによる環境データの統計分析,朝倉書店,吉本敬，加茂憲一，柳原宏和,吉本敬,加茂憲一,柳原宏和,,,,,,,,,,,
Rによる空間データの統計分析,朝倉書店,古谷知之,古谷知之,,,,,,,,,,,,,
確率・統計解析の基礎,朝倉書店,久保木久孝,久保木久孝,,,,,,,,,,,,,
Rによる統計データ分析入門,朝倉書店,小暮厚之,小暮厚之,,,,,,,,,,,,,
Rによるアクチュアリーの統計分析,朝倉書店,田中周二,田中周二,,,,,,,,,,,,,
統計データの可視化,共立出版,山本義郎，飯塚誠也，藤野友和,山本義郎,飯塚誠也,藤野友和,,,,,,,,,,,
シミュレーションで理解する回帰分析,共立出版,竹澤邦夫,竹澤邦夫,,,,,,,,,,,,,
ブートストラップ入門,共立出版,汪金芳，桜井裕仁,汪金芳,桜井裕仁,,,,,,,,,,,,
樹木構造接近法,共立出版,下川敏雄，杉本知之，後藤昌司,下川敏雄,杉本知之,後藤昌司,,,,,,,,,,,
統計学,東京図書,松原望,松原望,,,,,,,,,,,,,
数理統計学,裳華房,稲垣宣生,稲垣宣生,,,,,,,,,,,,,
"データサイエンスのための統計学入門 第2版 
―予測、分類、統計モデリング、統計的機械学習とR/Pythonプログラミング",オライリージャパン,Peter Bruce，Andrew Bruce，Peter Gedeck，黒川利明，大橋真也,Peter Bruce,Andrew Bruce,Peter Gedeck,黒川利明,大橋真也,,,,,,,,,
時系列分析と状態空間モデルの基礎　RとStanで学ぶ理論と実装,プレアデス出版,馬場真哉,馬場真哉,,,,,,,,,,,,,
データ分析に必須の知識・考え方 統計学入門 仮説検定から統計モデリングまで重要トピックを完全網羅,ソシム,阿部真人,阿部真人,,,,,,,,,,,,,
データ科学入門I: データに基づく意思決定の基礎,サイエンス社,松嶋敏泰,松嶋敏泰,,,,,,,,,,,,,
Pythonによる時系列分析: 予測モデル構築と企業事例,オーム社 ,髙橋威知郎,髙橋威知郎,,,,,,,,,,,,,
機械学習のための確率過程入門 確率微分方程式からベイズモデル，拡散モデルまで,オーム社,内山祐介,内山祐介,,,,,,,,,,,,,
パターン認識と学習の統計学,岩波書店,麻生英樹，津田宏治，村田昇,麻生英樹,津田宏治,村田昇,,,,,,,,,,,
わかりやすいパターン認識,オーム社,石井健一郎，前田英作，上田修功，村瀬洋,石井健一郎,前田英作,上田修功,村瀬洋,,,,,,,,,,
サポートベクターマシン入門,共立出版,ネロクリスティアニーニ，ジョンショー‐テイラー，大北剛,ネロクリスティアニーニ,ジョンショー‐テイラー,大北剛,,,,,,,,,,,
パターン認識と機械学習上,シュプリンガージャパン,C.M.ビショップ,C.M.ビショップ,,,,,,,,,,,,,
パターン認識と機械学習下,シュプリンガージャパン,C.M.ビショップ,C.M.ビショップ,,,,,,,,,,,,,
カーネル法によるパターン解析,共立出版,J.S.テイラー,J.S.テイラー,,,,,,,,,,,,,
はじめてのパターン認識,森北出版,平井有三,平井有三,,,,,,,,,,,,,
Probability for Statistics and Machine learning,Springer,A. DasGupta,A. DasGupta,,,,,,,,,,,,,
Pattern Recognition and Machine Learning,Springer,C. Bishop,C. Bishop,,,,,,,,,,,,,
パターン識別,アドコム・メディア,R. Duda，P. Hart，D. Stock,R. Duda,P. Hart,D. Stock,,,,,,,,,,,
パターン認識の為のサポートベクトルマシン入門,森北出版,阿部重夫,阿部重夫,,,,,,,,,,,,,
パターン認識,共立出版,金森敬文，竹之内高志，村田昇,金森敬文,竹之内高志,村田昇,,,,,,,,,,,
マシンラーニング,共立出版,辻谷將明，竹澤邦夫,辻谷將明,竹澤邦夫,,,,,,,,,,,,
続わかりやすい パターン認識,オーム社,石井健一郎，前田英作，上田修功，村瀬洋,石井健一郎,前田英作,上田修功,村瀬洋,,,,,,,,,,
統計的パターン認識入門,森北出版,浜本義彦,浜本義彦,,,,,,,,,,,,,
パターン認識と機械学習　ベイズ理論に負けないための数学,暗黒通信団,光成滋生,光成滋生,,,,,,,,,,,,,
入門パターン認識と機械学習,コロナ社,後藤正幸,後藤正幸,,,,,,,,,,,,,
フリーソフトではじめる機械学習入門,森北出版,荒木雅弘,荒木雅弘,,,,,,,,,,,,,
人工知能・機械学習・ディープラーニング関連技術とその活用,情報機構,技術セミナー・書籍の情報機構,技術セミナー・書籍の情報機構,,,,,,,,,,,,,
機械学習,丸善出版,中川裕志,中川裕志,,,,,,,,,,,,,
ゼロから作るDeep Learning,O'REILLY,斎藤廉穀,斎藤廉穀,,,,,,,,,,,,,
これならわかる深層学習入門,講談社,瀧雅人,瀧雅人,,,,,,,,,,,,,
DEEP LEARNING　深層学習,ASCII DWANGO,岩澤有祐，鈴木雅大，中山浩太郎，松尾豊,岩澤有祐,鈴木雅大,中山浩太郎,松尾豊,,,,,,,,,,
生成 Deep Learning-絵をかき，物語や音楽を作り，ゲームをプレイする-,O'REILLY,David Foster，松田昇一，小沼千絵,David Foster,松田昇一,小沼千絵,,,,,,,,,,,
スパース回帰分析とパターン認識,講談社,梅津佑太，西井龍映，上田勇祐,梅津佑太,西井龍映,上田勇祐,,,,,,,,,,,
イラストで学ぶ 人工知能概論,講談社,谷口忠大,谷口忠大,,,,,,,,,,,,,
計算論的神経科学: 脳の運動制御・感覚処理機構の理論的理解へ,森北出版,田中宏和,田中宏和,,,,,,,,,,,,,
現場で使える！Python深層強化学習入門 強化学習と深層学習による探索と制御,翔泳社,伊藤多一，今津義充，須藤広大，仁ノ平将人，川﨑悠介，酒井裕企，魏崇哲,伊藤多一,今津義充,須藤広大,仁ノ平将人,川﨑悠介,酒井裕企,魏崇哲,,,,,,,
深層強化学習入門,共立出版,Vincent Francois-Lavet，Peter Henderson，Riashat Islam，Marc G. Bellemare，Joelle Pineau，松原崇充，井尻善久，濵屋政志,Vincent Francois-Lavet,Peter Henderson,Riashat Islam,Marc G. Bellemare,Joelle Pineau,松原崇充,井尻善久,濵屋政志,,,,,,
深層学習の原理に迫る: 数学の挑戦,岩波書店,今泉允聡,今泉允聡,,,,,,,,,,,,,
XAI(説明可能なAI)--そのとき人工知能はどう考えたのか? ,リックテレコム,大坪直樹，中江俊博，佐藤誠，深沢祐太，坂元哲平，豊岡祥，堀内新吾，五十嵐健太，市原大暉,大坪直樹,中江俊博,佐藤誠,深沢祐太,坂元哲平,豊岡祥,堀内新吾,五十嵐健太,市原大暉,,,,,
本質を捉えたデータ分析のための分析モデル入門 統計モデル、深層学習、強化学習等 用途・特徴から原理まで一気通貫!,ソシム,杉山聡,杉山聡,,,,,,,,,,,,,
グラフ深層学習,プレアデス出版,ヤマオー，ジリアンタン，宮原太陽，中尾光孝,ヤマオー,ジリアンタン,宮原太陽,中尾光孝,,,,,,,,,,
反実仮想機械学習　機械学習と因果推論の融合技術の理論と実践,技術評論社,齋藤優太,齋藤優太,,,,,,,,,,,,,
Human-in-the-loop機械学習　人間参加型AIのための能動学習とアノテーション,共立出版,Robert(Munro)Monarch，上田隼也，角野為耶，伊藤寛祥,Robert(Munro)Monarch,上田隼也,角野為耶,伊藤寛祥,,,,,,,,,,
階層ベイズモデルとその周辺,岩波書店,松本隆，石黒真木夫，乾敏郎，田邉國士,松本隆,石黒真木夫,乾敏郎,田邉國士,,,,,,,,,,
ベイズ統計データ分析―R & WinBUGS,朝倉書店,古谷知之,古谷知之,,,,,,,,,,,,,
マルコフ連鎖モンテカルロ法,朝倉書店,豊田秀樹,豊田秀樹,,,,,,,,,,,,,
ベイズモデリングによるマーケティング分析,電機大出版局,照井伸彦,照井伸彦,,,,,,,,,,,,,
ベイズ統計入門,東京大学出版会,繁桝算男,繁桝算男,,,,,,,,,,,,,
ベイズ統計モデリング,朝倉書店,安道知寛,安道知寛,,,,,,,,,,,,,
Baysian Nonparametrics,Cambrige university press,Hjiot，Holmes，Muller and Walker,Hjiot,Holmes,Muller and Walker,,,,,,,,,,,
ベイジアンネットワークの統計的推論の数理,コロナ社,田中和之,田中和之,,,,,,,,,,,,,
予測にいかす統計モデリングの基本-ベイズ統計入門から応用まで-,講談社,樋口知之,樋口知之,,,,,,,,,,,,,
ベイジアンネットワーク技術,東京電機大学出版局,本村陽一，岩崎弘利,本村陽一,岩崎弘利,,,,,,,,,,,,
確率論的リスク解析,シュプリンガージャパン,T.ベッドフォード，R.クック，金野秀敏,T.ベッドフォード,R.クック,金野秀敏,,,,,,,,,,,
ベイズ統計学概説,培風館,松原望,松原望,,,,,,,,,,,,,
Baysian Inference in Statistical Analysis,WILEY INTERSCIENCE,Box，Tiao,Box,Tiao,,,,,,,,,,,,
Baysiabn Theory,WILEY INTERSCIENCE,J. M. Bernardo，A. F. M Smith,J. M. Bernardo,A. F. M Smith,,,,,,,,,,,,
"ウェブ最適化ではじめる機械学習
 ―A/Bテスト、メタヒューリスティクス、バンディットアルゴリズムからベイズ最適化まで",オライリージャパン,飯塚修平,飯塚修平,,,,,,,,,,,,,
ベイズ統計の理論と方法,コロナ社,渡辺澄夫,渡辺澄夫,,,,,,,,,,,,,
ベイズ統計分析ハンドブック,朝倉書店,繁桝算男，岸野洋久，大森裕浩,繁桝算男,岸野洋久,大森裕浩,,,,,,,,,,,
Bayesian Model Selection and Statistical Modeling,CRC Press,Tomohiro Ando,Tomohiro Ando,,,,,,,,,,,,,
Bayesian Statistisc 9,Oxford science publications,J.M. Bernardo,J.M. Bernardo,,,,,,,,,,,,,
Baysian Statistical Modeling ,Wiley series in probability and statistics,Peter Congdon,Peter Congdon,,,,,,,,,,,,,
Bayesian Reasoning and Mashine Learning,Cambrige,D. Barber,D. Barber,,,,,,,,,,,,,
ベイズ統計データ解析,共立出版,姜興起,姜興起,,,,,,,,,,,,,
実践　ベイズ統計学,朝倉書店,中妻照雄,中妻照雄,,,,,,,,,,,,,
ビッグデータ時代のマーケティング　ベイジアンモデルの活用,講談社,佐藤忠彦，樋口知之,佐藤忠彦,樋口知之,,,,,,,,,,,,
Rで学ぶベイズ統計学入門,丸善出版,J．アルバート,J．アルバート,,,,,,,,,,,,,
ベイジアンネットワーク,コロナ社,植野真臣,植野真臣,,,,,,,,,,,,,
ベイズ統計学入門,福村出版,渡部洋,渡部洋,,,,,,,,,,,,,
Pythonで動かして学ぶ! あたらしいベイズ統計の教科書,翔泳社,かくあき,かくあき,,,,,,,,,,,,,
はじめての統計データ分析 ベイズ的＜ポストp値時代＞の統計学,朝倉書店,豊田秀樹,豊田秀樹,,,,,,,,,,,,,
基礎からのベイズ統計学　ハミルトニアン　モンテカルロ法による　実践的入門,朝倉書店,豊田秀樹,豊田秀樹,,,,,,,,,,,,,
ベイズ法の基礎と応用,日本評論社,間瀬茂,間瀬茂,,,,,,,,,,,,,
Pythonで学ぶ実験計画法入門,講談社,金子弘昌,金子弘昌,,,,,,,,,,,,,
機械学習スタートアップシリーズ　ベイズ推論による機械学習入門 ,講談社,須山敦志，杉山将,須山敦志,杉山将,,,,,,,,,,,,
モンテカルロ統計計算,,鎌谷研吾，駒木文保,鎌谷研吾,駒木文保,,,,,,,,,,,,
Pythonではじめるベイズ機械学習入門,講談社,森賀新，木田悠歩，須山敦志,森賀新,木田悠歩,須山敦志,,,,,,,,,,,
入門ベイズ統計―意思決定の理論と発展,東京図書,松原望,松原望,,,,,,,,,,,,,
標準ベイズ統計学,朝倉書店,入江薫，菅澤翔之助，橋本真太郎,入江薫,菅澤翔之助,橋本真太郎,,,,,,,,,,,
Pythonでスラスラわかるベイズ推論「超」入門,講談社,赤石雅典，須山敦志,赤石雅典,須山敦志,,,,,,,,,,,,
言語処理のための機械学習入門,コロナ社,高村大也，奥村学,高村大也,奥村学,,,,,,,,,,,,
計算統計学の方法―ブートストラップ・EMアルゴリズム・MCMC,朝倉書店,小西貞則，越智義道，大森裕浩,小西貞則,越智義道,大森裕浩,,,,,,,,,,,
計算統計 　I ―― 確率計算の新しい手法 ――,岩波書店,汪金芳，田栗正章，手塚集，樺島祥介，上田修功,汪金芳,田栗正章,手塚集,樺島祥介,上田修功,,,,,,,,,
言語と計算 (4) 確率的言語モデル,東京大学出版会,北研二，辻井潤一,北研二,辻井潤一,,,,,,,,,,,,
学習システムの理論と実現,森北出版,渡辺澄夫，萩原克幸，赤穂昭太郎，本村陽一，福水健次，岡田真人，青柳美輝,渡辺澄夫,萩原克幸,赤穂昭太郎,本村陽一,福水健次,岡田真人,青柳美輝,,,,,,,
学習理論,コロナ社,高橋治久，堀田一弘,高橋治久,堀田一弘,,,,,,,,,,,,
ブースティング - 学習アルゴリズムの設計技法 (知能情報科学シリーズ) ,森北出版,金森敬文，畑埜晃平，渡辺治，小川英光,金森敬文,畑埜晃平,渡辺治,小川英光,,,,,,,,,,
統計的機械学習,オーム社,杉山将,杉山将,,,,,,,,,,,,,
The EM Algorithm and Extensions,WILEY INTERSCIENCE,G. J. Mclachlan，T. Krishnan,G. J. Mclachlan,T. Krishnan,,,,,,,,,,,,
集合知プログラミング,オライリージャパン,Toby Segaran,Toby Segaran,,,,,,,,,,,,,
The elements of statistical learning,Springer,T. Hastie，R. Tibshirani，J. Friedman,T. Hastie,R. Tibshirani,J. Friedman,,,,,,,,,,,
python文法詳解,オライリージャパン,石本敦夫,石本敦夫,,,,,,,,,,,,,
入門機械学習,オライリージャパン,D. Conway，J. White,D. Conway,J. White,,,,,,,,,,,,
イラストで学ぶ機械学習,講談社　,杉山将,杉山将,,,,,,,,,,,,,
Pythonで動かして学ぶ！あたらしい数学の教科書 機械学習・深層学習に必要な基礎知識,,我妻幸長,我妻幸長,,,,,,,,,,,,,
代数幾何と学習理論,森北出版株式会社,渡辺澄夫,渡辺澄夫,,,,,,,,,,,,,
大規模計算時代の統計推論: 原理と発展,共立出版,Bradley Efron，Trevor Hastie，藤澤洋徳，井手剛，井尻善久，牛久祥孝，梅津佑太，大塚琢馬，尾林慶一，川野秀一，田栗正隆，竹内孝，橋本敦史，矢野恵佑,Bradley Efron,Trevor Hastie,藤澤洋徳,井手剛,井尻善久,牛久祥孝,梅津佑太,大塚琢馬,尾林慶一,川野秀一,田栗正隆,竹内孝,橋本敦史,矢野恵佑
統計モデルと推測,講談社,松井秀俊，小泉和之，竹村彰通,松井秀俊,小泉和之,竹村彰通,,,,,,,,,,,
事例で学ぶテキストマイニング,共立出版,渕上美喜，末吉正成，高山泰博，今村誠，小木しのぶ，村田真樹，上田太一郎,渕上美喜,末吉正成,高山泰博,今村誠,小木しのぶ,村田真樹,上田太一郎,,,,,,,
テキストマイニングによるマーケティング調査,講談社,上田隆穂，黒岩祥太，戸谷圭子，豊田裕貴,上田隆穂,黒岩祥太,戸谷圭子,豊田裕貴,,,,,,,,,,
確率モデルによるWebデータ解析法 - データマイニング技法からe-コマースまで,森北出版,Pierre Baldi，Paolo Frasconi，Padhraic Smyth，水田正弘，南弘征，小宮由里子,Pierre Baldi,Paolo Frasconi,Padhraic Smyth,水田正弘,南弘征,小宮由里子,,,,,,,,
"Text mining -classification, clustering and application-",CRC Press,A.N. Srivastava，Mehran Sahami,A.N. Srivastava,Mehran Sahami,,,,,,,,,,,,
テキスト・画像・音声データ分析,講談社,川仁，佐藤智和，市川治，清水昌平,川仁,佐藤智和,市川治,清水昌平,,,,,,,,,,
機械学習エンジニアのためのTransformers ―最先端の自然言語処理ライブラリによるモデル開発,オライリージャパン,Lewis Tunstall，Leandro von Werra，Thomas Wolf，中山光樹,Lewis Tunstall,Leandro von Werra,Thomas Wolf,中山光樹,,,,,,,,,,
情報量規準 (シリーズ・予測と発見の科学),朝倉書店,小西貞則，北川源四郎,小西貞則,北川源四郎,,,,,,,,,,,,
統計的モデリング／情報理論と学習理論-データと上手につきあう法,講談社,小西貞則，竹内純一，若山正人,小西貞則,竹内純一,若山正人,,,,,,,,,,,
モデル選択,岩波書店,下平伊藤他,下平伊藤他,,,,,,,,,,,,,
Finite Mixture Models,WILEY INTERSCIENCE,Geoffrey McLachlan，David Peel,Geoffrey McLachlan,David Peel,,,,,,,,,,,,
Model Selection and Model Averaging,Cambridge university press,Gerda Claeslens，Nils Lid Hjort,Gerda Claeslens,Nils Lid Hjort,,,,,,,,,,,,
情報理論,昭晃堂,今井秀樹,今井秀樹,,,,,,,,,,,,,
情報と符号化の数理,培風館,韓，小林,韓,小林,,,,,,,,,,,,
情報理論入門,培風館,平澤茂一,平澤茂一,,,,,,,,,,,,,
符号理論,電子情報通信学会,今井秀樹,今井秀樹,,,,,,,,,,,,,
誤り訂正技術の基礎,森北出版,和田山正,和田山正,,,,,,,,,,,,,
現代情報理論,電子情報通信学会,有本卓,有本卓,,,,,,,,,,,,,
例に基づく情報理論,講談社,大石進一,大石進一,,,,,,,,,,,,,
確率・情報・エントロピー,森北出版,有本卓,有本卓,,,,,,,,,,,,,
現代シャノン理論,培風館,植松友彦,植松友彦,,,,,,,,,,,,,
情報理論,ちくま学芸文書,甘利俊一,甘利俊一,,,,,,,,,,,,,
C言語による情報理論入門,コロナ社,久保田一，大石邦夫，福本昌弘,久保田一,大石邦夫,福本昌弘,,,,,,,,,,,
圧縮処理プログラミング,ソフトバンククリエイティブ,昌達慶仁,昌達慶仁,,,,,,,,,,,,,
Elements of Information Theory,WILEY INTERSCIENCE,T. M. Cover，J. A. Thomas,T. M. Cover,J. A. Thomas,,,,,,,,,,,,
Information Theory -coding theorems ofr discrete memoryless systems-,CAMBRIDGE,Criszar，Korner,Criszar,Korner,,,,,,,,,,,,
"Information Theory, inference, and Learning Algorithms",CAMBRIDGE,D. C. Mackay,D. C. Mackay,,,,,,,,,,,,,
情報論的学習理論,共立出版,山西健司,山西健司,,,,,,,,,,,,,
イラストで学ぶ情報理論の考え方,講談社,植松友彦,植松友彦,,,,,,,,,,,,,
新版情報理論の基礎　情報と学習の直感的な理解のために,サイエンス社,村田昇,村田昇,,,,,,,,,,,,,
情報理論講義,培風館,小林欣吾，森田啓義,小林欣吾,森田啓義,,,,,,,,,,,,
確率論的エントロピー-情報理論の函数解析的基礎１-,共立出版,梅垣壽春，大矢雅則,梅垣壽春,大矢雅則,,,,,,,,,,,,
情報理論　基礎と広がり,共立出版,山本博資ほか,山本博資ほか,,,,,,,,,,,,,
情報科学の展開,東海大学出版金,近藤基吉,近藤基吉,,,,,,,,,,,,,
情報科学のためのグラフ理論,朝倉書店,加納幹雄,加納幹雄,,,,,,,,,,,,,
情報科学のための離散数学,コロナ社,柴田正憲，浅田由良,柴田正憲,浅田由良,,,,,,,,,,,,
データ同化入門,朝倉書店,樋口知之,樋口知之,,,,,,,,,,,,,
現場で使える！Python自然言語処理入門,翔泳社,江澤美保，赤石雅典,江澤美保,赤石雅典,,,,,,,,,,,,
言語と心理の統計,岩波書店,甘利俊一，金明哲，村上征勝，永田昌明,甘利俊一,金明哲,村上征勝,永田昌明,,,,,,,,,,
Foundations of Statistical Natural Language Processing,MIT press,C.D. Manning，Hinrich schutze,C.D. Manning,Hinrich schutze,,,,,,,,,,,,
BERTによる自然言語処理入門: Transformersを使った実践プログラミング,オーム社,近江崇宏，金田健太郎，森長誠，江間見亜利,近江崇宏,金田健太郎,森長誠,江間見亜利,,,,,,,,,,
岩波データサイエンスvol.2,岩波書店,岩波データサイエンス刊行委員会,岩波データサイエンス刊行委員会,,,,,,,,,,,,,
質問応答システム (自然言語処理シリーズ2) ,コロナ社,奥村学，磯崎秀樹，東中竜一郎，永田昌明，加藤恒昭,奥村学,磯崎秀樹,東中竜一郎,永田昌明,加藤恒昭,,,,,,,,,
トピックモデルによる統計的潜在意味解析 ,コロナ社,佐藤一誠，奥村学,佐藤一誠,奥村学,,,,,,,,,,,,
大規模言語モデル入門,技術評論社,山田育矢，鈴木正敏，山田康輔，李凌寒,山田育矢,鈴木正敏,山田康輔,李凌寒,,,,,,,,,,
AI白書2019,KADOKAWA,独立行政法人情報処理推進機構AI白書編集委員会,独立行政法人情報処理推進機構AI白書編集委員会,,,,,,,,,,,,,
情報検索の基礎,共立出版,C. D. Manning，P. Raghavan，H. Schutze,C. D. Manning,P. Raghavan,H. Schutze,,,,,,,,,,,
Webマーケティングの科学,千倉書房,井上哲浩，日本マーケティングサイエンス学会,井上哲浩,日本マーケティングサイエンス学会,,,,,,,,,,,,
Rによる計量経済分析,朝倉書店,福地純一郎，伊藤有希,福地純一郎,伊藤有希,,,,,,,,,,,,
アイデアスケッチ,ビーエヌエヌ新社,小林茂，鈴木宣也，赤羽享,小林茂,鈴木宣也,赤羽享,,,,,,,,,,,
マーケティングのための統計分析,オーム社,生田目崇,生田目崇,,,,,,,,,,,,,
AIエンジニアのための機械学習システムデザインパターン,翔泳社,澁井雄介,澁井雄介,,,,,,,,,,,,,
Pythonによる経済・経営分析のためのデータサイエンス~分析の基礎から因果推論まで,東京図書,原泰史,原泰史,,,,,,,,,,,,,
マーケティングデータ分析,朝倉書店,中原孝信,中原孝信,,,,,,,,,,,,,
施策デザインのための機械学習入門〜データ分析技術のビジネス活用における正しい考え方,技術評論社,齋藤優太,齋藤優太,,,,,,,,,,,,,
効果検証入門〜正しい比較のための因果推論／計量経済学の基礎,技術評論社,安井翔太，株式会社ホクソエム,安井翔太,株式会社ホクソエム,,,,,,,,,,,,
機械学習を解釈する技術〜予測力と説明力を両立する実践テクニック,技術評論社,森下光之助,森下光之助,,,,,,,,,,,,,
A/Bテスト実践ガイド　真のデータドリブンへ至る信用できる実験とは,ドワンゴ,Ron Kohavi，Diane Tang，Ya Xu，大杉直也,Ron Kohavi,Diane Tang,Ya Xu,大杉直也,,,,,,,,,,
ビジネスデータサイエンスの教科書,すばる舎,マット・タディ，上杉隼人,マット・タディ,上杉隼人,,,,,,,,,,,,
仕事ではじめる機械学習 第2版,オライリージャパン,有賀康顕，中山心太，西林孝,有賀康顕,中山心太,西林孝,,,,,,,,,,,
データサイエンス設計マニュアル,オライリージャパン,Steven S. Skiena，小野陽子，長尾高弘,Steven S. Skiena,小野陽子,長尾高弘,,,,,,,,,,,
意思決定分析と予測の活用 基礎理論からPython実装まで,講談社,馬場真哉,馬場真哉,,,,,,,,,,,,,
Randomized Controlled Trials,BMJI Books,ALEJANDRO R. JADAD,ALEJANDRO R. JADAD,,,,,,,,,,,,,
AI・データ分析プロジェクトのすべて[ビジネス力×技術力=価値創出],技術評論社,大城信晃，マスクド・アナライズ，伊藤徹郎，小西哲平，西原成輝,大城信晃,マスクド・アナライズ,伊藤徹郎,小西哲平,西原成輝,,,,,,,,,
Pythonではじめる 会計データサイエンス,中央経済社,稲垣大輔，小澤圭都，野呂祐介，蜂谷悠希,稲垣大輔,小澤圭都,野呂祐介,蜂谷悠希,,,,,,,,,,
データ分析失敗事例集,共立出版,尾花山和哉，株式会社ホクソエム，伊藤徹郎，江川智啓，大城信晃，川島彩貴，輿石拓真，新川裕也，竹久真也，丸山哲太郎，簑田高志,尾花山和哉,株式会社ホクソエム,伊藤徹郎,江川智啓,大城信晃,川島彩貴,輿石拓真,新川裕也,竹久真也,丸山哲太郎,簑田高志,,,
明快入門Visual C++2010,ソフトバンククリエイティブ,林晴比古,林晴比古,,,,,,,,,,,,,
MATLABプログラミング入門,牧野書店,上坂吉則,上坂吉則,,,,,,,,,,,,,
入門自然言語処理,オライリージャパン,steven bird，ewan klein，edward loper,steven bird,ewan klein,edward loper,,,,,,,,,,,
C言語による最新アルゴリズム事典,技術評論社,奥村晴彦,奥村晴彦,,,,,,,,,,,,,
ニューメリカルレシピインシー,技術評論社,丹慶勝市，奥村晴彦，佐藤俊郎，小林誠,丹慶勝市,奥村晴彦,佐藤俊郎,小林誠,,,,,,,,,,
MATLAB可視化プログラミング,牧野書店,上坂吉則,上坂吉則,,,,,,,,,,,,,
デジタル画像処理,共立出版,勝木健雄，蓬莱祐一郎,勝木健雄,蓬莱祐一郎,,,,,,,,,,,,
R言語逆引きハンドブック,C&R研究所,石田基広,石田基広,,,,,,,,,,,,,
Rで学ぶプログラミング基礎の基礎,カットシステム,舟尾暢男,舟尾暢男,,,,,,,,,,,,,
Rグラフィックスクックブック,O'REILLY,石井弓美子,石井弓美子,,,,,,,,,,,,,
速効！図解HPパソコン,マイコミ,白鳥睦，野々村美紀,白鳥睦,野々村美紀,,,,,,,,,,,,
Python 機械学習プログラミング,インプレス,sebastian Raschka,sebastian Raschka,,,,,,,,,,,,,
Pythonによるデータ分析入門,O'REILLY,Wes McLonney,Wes McLonney,,,,,,,,,,,,,
Data Mining for Design and Marketing,Chapman and Hall/CRC,Yukio Ohsawa，Katsutoshi Yada,Yukio Ohsawa,Katsutoshi Yada,,,,,,,,,,,,
[第2版]Python 機械学習プログラミング,インプレス,Sebastian Raschka，Vahid Mirjalili,Sebastian Raschka,Vahid Mirjalili,,,,,,,,,,,,
ゼロからつくるPython機械学習プログラミング入門,講談社,八谷大岳,八谷大岳,,,,,,,,,,,,,
統計的機械学習の数理100問 with Python,共立出版,鈴木譲,鈴木譲,,,,,,,,,,,,,
これからのロボットプログラミング入門 Pythonで動かすMINDSTORMS EV3,講談社,上田悦子，小枝正直，中村恭之,上田悦子,小枝正直,中村恭之,,,,,,,,,,,
Rで学ぶ統計的データ解析,講談社,林賢一,林賢一,,,,,,,,,,,,,
スパース推定100問 with Python,共立出版,鈴木譲,鈴木譲,,,,,,,,,,,,,
データの前処理,朝倉書店,羽室行信,羽室行信,,,,,,,,,,,,,
Ｐｙｔｈｏｎで学ぶアルゴリズムとデータ構造,講談社,下平英寿，辻真吾,下平英寿,辻真吾,,,,,,,,,,,,
機械学習のための「前処理」入門,リックテレコム,足立悠,足立悠,,,,,,,,,,,,,
つくりながら学ぶ! Pythonによる因果分析,マイナビ出版,小川雄太郎,小川雄太郎,,,,,,,,,,,,,
Pythonではじめる数理最適化: ケーススタディでモデリングのスキルを身につけよう,オーム社,岩永二郎，石原響太，西村直樹,岩永二郎,石原響太,西村直樹,,,,,,,,,,,
[第3版]Python機械学習プログラミング 達人データサイエンティストによる理論と実践,インプレス,Sebastian Raschka，Vahid Mirjalili,Sebastian Raschka,Vahid Mirjalili,,,,,,,,,,,,
リーダブルコード ――より良いコードを書くためのシンプルで実践的なテクニック,オライリー,Dustin Boswell，Trevor Foucher,Dustin Boswell,Trevor Foucher,,,,,,,,,,,,
ロバストPython,オライリー・ジャパン,Patrick Viafore，鈴木駿，長尾高弘,Patrick Viafore,鈴木駿,長尾高弘,,,,,,,,,,,
これなら分かる応用数学教室,共立出版,金谷健一,金谷健一,,,,,,,,,,,,,
工学部で学ぶ数学,プレアデス出版,千葉逸人,千葉逸人,,,,,,,,,,,,,
理工基礎微分積分学Ⅰ,サイエンス社,安達恒雄,安達恒雄,,,,,,,,,,,,,
理工基礎微分積分学Ⅱ,サイエンス社,安達恒雄,安達恒雄,,,,,,,,,,,,,
これなら分かる最適化数学,共立出版,金谷健一,金谷健一,,,,,,,,,,,,,
最適化法,共立出版,田村明久，村松正和,田村明久,村松正和,,,,,,,,,,,,
統計のための行列代数（上）,Springer Japan,D. A. ハーヴィル，伊理正夫,D. A. ハーヴィル,伊理正夫,,,,,,,,,,,,
統計のための行列代数（下）,Springer Japan,D. A. ハーヴィル，伊理正夫,D. A. ハーヴィル,伊理正夫,,,,,,,,,,,,
シミュレーション辞典,コロナ社,日本シミュレーション学会,日本シミュレーション学会,,,,,,,,,,,,,
統計学のための線形代数,朝倉書店,J. R. Schott，豊田秀樹,J. R. Schott,豊田秀樹,,,,,,,,,,,,
Hidden Markov Models and Dynamical Systems,siam,A. Fraser,A. Fraser,,,,,,,,,,,,,
最適化の数学,共立出版,茨木俊秀,茨木俊秀,,,,,,,,,,,,,
非線形最適化の基礎,朝倉書店,福島雅夫,福島雅夫,,,,,,,,,,,,,
統計学のための数学入門30講,朝倉書店,永田靖,永田靖,,,,,,,,,,,,,
数学文章作法,ちくま学芸文庫,結城浩,結城浩,,,,,,,,,,,,,
統計学,丸善出版,上田修,上田修,,,,,,,,,,,,,
統計的学習の基礎,共立出版,杉山将，井手剛,杉山将,井手剛,,,,,,,,,,,,
数理統計学,裳華房,稲垣宣生,稲垣宣生,,,,,,,,,,,,,
ランダム行列の数理と科学,森北出版,渡辺澄夫,渡辺澄夫,,,,,,,,,,,,,
数理最適化の実践ガイド,講談社,穴井宏和,穴井宏和,,,,,,,,,,,,,
はじめての最適化,近代科学社,関口良行,関口良行,,,,,,,,,,,,,
よくわかる線形代数,東京図書,有馬哲，石村貞夫,有馬哲,石村貞夫,,,,,,,,,,,,
経営と情報のための数学概論,培風館,足達義則,足達義則,,,,,,,,,,,,,
情報数学２,コロナ者,柴田正憲,柴田正憲,,,,,,,,,,,,,
計量時系列分析,朝倉書店,沖本竜義,沖本竜義,,,,,,,,,,,,,
近似アルゴリズム,丸善出版,V.V.ヴァジラーニ，浅野孝夫,V.V.ヴァジラーニ,浅野孝夫,,,,,,,,,,,,
グラフ理論,丸善出版,R.ディーステル，根上生也，太田克弘,R.ディーステル,根上生也,太田克弘,,,,,,,,,,,
組合せ最適化 第2版,丸善出版,B.コルテ，J.フィーゲン，浅野孝夫，浅野泰仁，小野孝男，平田富夫,B.コルテ,J.フィーゲン,浅野孝夫,浅野泰仁,小野孝男,平田富夫,,,,,,,,
しっかり学ぶ数理最適化 モデルからアルゴリズムまで,講談社,梅谷俊治,梅谷俊治,,,,,,,,,,,,,
問題解決力を鍛える！アルゴリズムとデータ構造,講談社,大槻兼資，秋葉拓哉,大槻兼資,秋葉拓哉,,,,,,,,,,,,
その問題、数理モデルが解決します,ベレ出版,浜田宏,浜田宏,,,,,,,,,,,,,
その問題、やっぱり数理モデルが解決します,ベレ出版,浜田宏,浜田宏,,,,,,,,,,,,,
データ分析のための数理モデル入門 本質をとらえた分析のために,ソシム,江崎貴裕,江崎貴裕,,,,,,,,,,,,,
分析者のためのデータ解釈学入門 データの本質をとらえる技術,ソシム,江崎貴裕,江崎貴裕,,,,,,,,,,,,,
最適化手法入門,講談社,寒野善博，駒木文保,寒野善博,駒木文保,,,,,,,,,,,,
データサイエンスのための数学,講談社,姫野哲人，保科架風，椎名洋，清水昌平,姫野哲人,保科架風,椎名洋,清水昌平,,,,,,,,,,
工学系のための最適設計法: 機械学習を活用した理論と実践,共立出版,北山哲士,北山哲士,,,,,,,,,,,,,
データ活用のための数理モデリング入門,技術評論社,水上ひろき，熊谷雄介,水上ひろき,熊谷雄介,,,,,,,,,,,,
データマイニングとその応用,朝倉書店,加藤直樹，羽室行信，矢田勝俊,加藤直樹,羽室行信,矢田勝俊,,,,,,,,,,,
データマイニング手法,海文堂,マイケルJAベリー，ゴードンSリノフ,マイケルJAベリー,ゴードンSリノフ,,,,,,,,,,,,
データマイニングの基礎,オーム社,元田浩，津本周作，山口高平，沼尾正行,元田浩,津本周作,山口高平,沼尾正行,,,,,,,,,,
Privacy-Preserving Data Mining,Springer,C.C. Aggarwal，P.S. Yu,C.C. Aggarwal,P.S. Yu,,,,,,,,,,,,
Data Mining With Decision Trees,World Scientific,L. Rokach，Oded Maimon,L. Rokach,Oded Maimon,,,,,,,,,,,,
Statistical and Machine-Learning Data Mining,CRC Press,Bruce Ratner,Bruce Ratner,,,,,,,,,,,,,
Data Mining ,Morgan kaufmann,I. Witten，E. Frank，M. Hall,I. Witten,E. Frank,M. Hall,,,,,,,,,,,
Rで学ぶクラスタ解析,オーム社,新納浩幸,新納浩幸,,,,,,,,,,,,,
情報論的学習とデータマイニング,朝倉書店,山西健司,山西健司,,,,,,,,,,,,,
データマイニングと集合知,共立出版,石川博,石川博,,,,,,,,,,,,,
大規模データのマイニング,共立出版,岩野和,岩野和,,,,,,,,,,,,,
岩波データサイエンスvol.3,岩波書店,岩波データサイエンス刊行委員会,岩波データサイエンス刊行委員会,,,,,,,,,,,,,
Kaggleで勝つデータ分析の技術,技術評論社,門脇大輔，阪田隆司，保坂桂佑，平松雄司,門脇大輔,阪田隆司,保坂桂佑,平松雄司,,,,,,,,,,
PythonではじめるKaggleスタートブック,講談社,石原祥太郎，村田秀樹,石原祥太郎,村田秀樹,,,,,,,,,,,,
Kaggleで学んでハイスコアをたたき出す！ Python機械学習&データ分析,秀和システム,チームカルポ,チームカルポ,,,,,,,,,,,,,
データサイエンスの基礎,講談社,狩野裕,狩野裕,,,,,,,,,,,,,
図解即戦力 機械学習&ディープラーニングのしくみと技術がこれ1冊でしっかりわかる教科書,技術評論社,株式会社アイデミー山口達輝，株式会社アイデミー松田洋之,株式会社アイデミー山口達輝,株式会社アイデミー松田洋之,,,,,,,,,,,,
データサイエンス入門,岩波書店,竹村彰通,竹村彰通,,,,,,,,,,,,,
現場で活用するための機械学習エンジニアリング,講談社,藤井亮宏,藤井亮宏,,,,,,,,,,,,,
教養としてのデータサイエンス,講談社,内田誠一，北川源四郎，竹村彰通,内田誠一,北川源四郎,竹村彰通,,,,,,,,,,,
データサイエンスのためのデータベース,講談社,吉岡真治，村井哲也，水田正弘,吉岡真治,村井哲也,水田正弘,,,,,,,,,,,
これならわかる機械学習入門,講談社,富谷昭夫,富谷昭夫,,,,,,,,,,,,,
Kaggleで磨く 機械学習の実践力--実務xコンペが鍛えたプロの手順,リックテレコム,諸橋政幸,諸橋政幸,,,,,,,,,,,,,
データサイエンティストのための特徴量エンジニアリング,マイナビ出版,Soledad Galli，松田晃一,Soledad Galli,松田晃一,,,,,,,,,,,,
キッチン・インフォマティクス 料理を支える自然言語処理と画像処理,オーム社,原島純，橋本敦史,原島純,橋本敦史,,,,,,,,,,,,
東京大学のデータサイエンティスト育成講座 ~Pythonで手を動かして学ぶデ―タ分析~,マイナビ出版,塚本邦尊，山田典一，大澤文孝，中山浩太郎，松尾豊,塚本邦尊,山田典一,大澤文孝,中山浩太郎,松尾豊,,,,,,,,,
LightGBM予測モデル実装ハンドブック,秀和システム,毛利拓也,毛利拓也,,,,,,,,,,,,,
情報推薦システム入門,共立出版,Dietmar Jannach，Markus Zanker，Alexaner Felfernig，Gerhard Friedrich,Dietmar Jannach,Markus Zanker,Alexaner Felfernig,Gerhard Friedrich,,,,,,,,,,
Recommender systems handbook,Springer,F. Ricchi，L. Pokach，B. Shapira，P. B. Knator,F. Ricchi,L. Pokach,B. Shapira,P. B. Knator,,,,,,,,,,
推薦システム実践入門 ―仕事で使える導入ガイド,O'REILLY / オライリージャパン,風間正弘，飯塚洸二郎，松村優也,風間正弘,飯塚洸二郎,松村優也,,,,,,,,,,,
日本人研究者のための絶対できる英語プレゼンテーション,羊土社,Philip Hawke，Robert F. Whittier，福田忍，伊藤健太郎,Philip Hawke,Robert F. Whittier,福田忍,伊藤健太郎,,,,,,,,,,
はじめての英語論文 引ける・使える パターン表現＆文例集,すばる舎,和田朋子,和田朋子,,,,,,,,,,,,,
国際学会Englishスピーキング・エクササイズ口演・発表・応答,医歯薬出版株式会社,C.S. Langham,C.S. Langham,,,,,,,,,,,,,
英語科学論文の書き方と国際会議でのプレゼン,研究社,廣岡慶彦,廣岡慶彦,,,,,,,,,,,,,
理科系のための入門英語プレゼンテーション,朝倉書店,廣岡慶彦,廣岡慶彦,,,,,,,,,,,,,
理科系のための実践英語プレゼンテーション,朝倉書店,廣岡慶彦,廣岡慶彦,,,,,,,,,,,,,
理系のための英語最重要「キー動詞」43,講談社,原田豊太郎,原田豊太郎,,,,,,,,,,,,,
ＬａＴｅＸ超入門　ゼロからはじめる理系の文書作成術,講談社,水谷正大,水谷正大,,,,,,,,,,,,,
ネイティブが教える 日本人研究者のための論文の書き方・アクセプト術,講談社,エイドリアン・ウォールワーク，前平謙二，笠川梢,エイドリアン・ウォールワーク,前平謙二,笠川梢,,,,,,,,,,,
英語論文すぐに使える表現集,ベレ出版,小田麻里子，味園真紀,小田麻里子,味園真紀,,,,,,,,,,,,
Google英文ライティング 英語がどんどん書けるようになる本,講談社インターナショナル,遠田和子,遠田和子,,,,,,,,,,,,,
ポイントで学ぶ科学英語論文の書き方 改訂版,丸善出版,小野義正,小野義正,,,,,,,,,,,,,
ＬａＴｅＸ超入門　ゼロからはじめる理系の文書作成術,講談社,水谷正大,水谷正大,,,,,,,,,,,,,
深層学習による自然言語処理,講談社,坪井祐太，海野裕也，鈴木潤,坪井祐太,海野裕也,鈴木潤,,,,,,,,,,,
画像認識,講談社,原田達也,原田達也,,,,,,,,,,,,,
統計的因果探索,講談社,清水昌平,清水昌平,,,,,,,,,,,,,
機械学習のための連続最適化,講談社,金森敬文，鈴木大慈，竹内一郎，佐藤一誠,金森敬文,鈴木大慈,竹内一郎,佐藤一誠,,,,,,,,,,
オンライン予測,講談社,畑埜晃平，瀧本英二,畑埜晃平,瀧本英二,,,,,,,,,,,,
関係データ学習,講談社,石黒勝彦，林浩平,石黒勝彦,林浩平,,,,,,,,,,,,
データ解析におけるプライバシー保護,講談社,佐久間淳,佐久間淳,,,,,,,,,,,,,
ウェブデータの機械学習,講談社,ダヌシカボレガラ，岡﨑直観，前原貴憲,ダヌシカボレガラ,岡﨑直観,前原貴憲,,,,,,,,,,,
バンディット問題の理論とアルゴリズム,講談社,本多淳也，中村篤祥,本多淳也,中村篤祥,,,,,,,,,,,,
グラフィカルモデル,講談社,渡辺有祐,渡辺有祐,,,,,,,,,,,,,
ノンパラメトリックベイズ　点過程と統計的機械学習の数理,講談社,佐藤一誠,佐藤一誠,,,,,,,,,,,,,
変分ベイズ学習,講談社,中島伸一,中島伸一,,,,,,,,,,,,,
スパース性に基づく機械学習,講談社,冨岡亮太,冨岡亮太,,,,,,,,,,,,,
劣モジュラ最適化と機械学習,講談社,河原吉伸，永野清仁,河原吉伸,永野清仁,,,,,,,,,,,,
統計的学習理論,講談社,金森敬文,金森敬文,,,,,,,,,,,,,
確率的最適化,講談社,鈴木大慈,鈴木大慈,,,,,,,,,,,,,
異常検知と変化検知,講談社,井手剛，杉山将,井手剛,杉山将,,,,,,,,,,,,
サポートベクトルマシン,講談社,竹内一郎，烏山昌幸,竹内一郎,烏山昌幸,,,,,,,,,,,,
トピックモデル,講談社,岩田具治,岩田具治,,,,,,,,,,,,,
ガウス過程と機械学習,講談社,持橋大地，大羽成征,持橋大地,大羽成征,,,,,,,,,,,,
強化学習,講談社,森村哲郎,森村哲郎,,,,,,,,,,,,,
機械学習のための確率と統計,講談社,杉山将,杉山将,,,,,,,,,,,,,
音声認識,講談社,篠田浩一,篠田浩一,,,,,,,,,,,,,
ヒューマンコンピュテーションとクラウドソーシング,講談社,鹿島久嗣，小山聡，馬場雪乃,鹿島久嗣,小山聡,馬場雪乃,,,,,,,,,,,
生命情報処理における機械学習,講談社,瀬々潤，浜田道昭,瀬々潤,浜田道昭,,,,,,,,,,,,
ベイズ深層学習,講談社,須山敦志,須山敦志,,,,,,,,,,,,,
オンライン機械学習,講談社,海野裕也，岡野原大輔，得居誠也，徳永拓之,海野裕也,岡野原大輔,得居誠也,徳永拓之,,,,,,,,,,
深層学習,講談社,岡谷貴之,岡谷貴之,,,,,,,,,,,,,
深層学習　改訂第2版,講談社,岡谷貴之,岡谷貴之,,,,,,,,,,,,,
機械学習工学,講談社,石川冬樹，丸山宏，柿沼太一，竹内広宜，土橋昌，中川裕志，原聡，堀内新吾，鷲崎弘宜,石川冬樹,丸山宏,柿沼太一,竹内広宜,土橋昌,中川裕志,原聡,堀内新吾,鷲崎弘宜,,,,,
転移学習,講談社,松井孝太，熊谷亘,松井孝太,熊谷亘,,,,,,,,,,,,
最適輸送の理論とアルゴリズム,講談社,佐藤竜馬,佐藤竜馬,,,,,,,,,,,,,
時系列解析,共立出版,柴田里程,柴田里程,,,,,,,,,,,,,
欠測データ処理: Rによる単一代入法と多重代入法,共立出版,高橋将宜，渡辺美智子,高橋将宜,渡辺美智子,,,,,,,,,,,,
スパース推定法による統計モデリング,共立出版,川野秀一，松井秀俊，廣瀬慧,川野秀一,松井秀俊,廣瀬慧,,,,,,,,,,,
カルマンフィルタ―Rを使った時系列予測と状態空間モデル― ,共立出版,野村俊一,野村俊一,,,,,,,,,,,,,
ゲノムデータ解析,共立出版,冨田誠，植木優夫,冨田誠,植木優夫,,,,,,,,,,,,
最小二乗法・交互最小二乗法,共立出版,森裕一，黒田正博，足立浩平,森裕一,黒田正博,足立浩平,,,,,,,,,,,
暗号と乱数―乱数の統計的検定― ,共立出版,藤井光昭,藤井光昭,,,,,,,,,,,,,
ファジィ時系列解析,共立出版,渡辺則生,渡辺則生,,,,,,,,,,,,,
計算代数統計―グレブナー基底と実験計画法― ,共立出版,青木敏,青木敏,,,,,,,,,,,,,
テキストアナリティクス,共立出版,金明哲,金明哲,,,,,,,,,,,,,
高次元の統計学,共立出版,青嶋誠，矢田和善,青嶋誠,矢田和善,,,,,,,,,,,,
カプラン・マイヤー法―生存時間解析の基本手法― ,共立出版,西川正子,西川正子,,,,,,,,,,,,,
最良母集団の選び方,共立出版,高田佳和,高田佳和,,,,,,,,,,,,,
点過程の時系列解析,共立出版,近江崇宏，野村俊一,近江崇宏,野村俊一,,,,,,,,,,,,
メッシュ統計,共立出版,佐藤彰洋,佐藤彰洋,,,,,,,,,,,,,
正規性の検定,共立出版,中川重和,中川重和,,,,,,,,,,,,,
統計的不偏推定論,共立出版,赤平昌文,赤平昌文,,,,,,,,,,,,,
EMアルゴリズム,共立出版,黒田正博,黒田正博,,,,,,,,,,,,,
分散分析を超えて,共立出版,広津千尋,広津千尋,,,,,,,,,,,,,
統計的逐次推定論,共立出版,赤平昌文，小池健一,赤平昌文,小池健一,,,,,,,,,,,,
エシェロン解析,共立出版,栗原考次，石岡文生,栗原考次,石岡文生,,,,,,,,,,,,
仕組みと使い方がわかる Docker&Kubernetesのきほんのきほん,マイナビ出版,小笠原種高,小笠原種高,,,,,,,,,,,,,
AWS運用入門 押さえておきたいAWSの基本と運用ノウハウ,SBクリエイティブ,佐竹陽一，山﨑翔平，小倉大，峯侑資,佐竹陽一,山﨑翔平,小倉大,峯侑資,,,,,,,,,,
はじめてでもできるGitとGitHubの教科書,SBクリエイティブ,たにぐちまこと,たにぐちまこと,,,,,,,,,,,,,
Vision Transfomer入門,技術評論社,片岡裕雄，山本晋太郎，徳永匡臣，箕浦大晃，邱玥（QIU YUE），品川政太朗,片岡裕雄,山本晋太郎,徳永匡臣,箕浦大晃,邱玥（QIU YUE）,品川政太朗,,,,,,,,
実践GAN 敵対的生成ネットワークによる深層学習,マイナビ出版,Jakub Langr，Vladimir Bok,Jakub Langr,Vladimir Bok,,,,,,,,,,,,
科学哲学からのメッセージ,森北出版,松王政浩,松王政浩,,,,,,,,,,,,,
アフターデジタル,日経BP,藤井保文，尾原和啓,藤井保文,尾原和啓,,,,,,,,,,,,
具体抽象トレーニング,PHPビジネス新書,細谷功,細谷功,,,,,,,,,,,,,